location,name,freq,weighting,direction,n_stocks,n_stocks_min,date,ret
ind,mkt,monthly,vw,na,43,na,30-09-1988,0.136824738
ind,mkt,monthly,vw,na,43,na,31-10-1988,-0.024431151
ind,mkt,monthly,vw,na,43,na,30-11-1988,0.078595452
ind,mkt,monthly,vw,na,43,na,31-12-1988,-0.080867839
ind,mkt,monthly,vw,na,43,na,31-01-1989,-0.002130109
ind,mkt,monthly,vw,na,43,na,28-02-1989,-0.0366671
ind,mkt,monthly,vw,na,43,na,31-03-1989,0.038077609
ind,mkt,monthly,vw,na,60,na,30-04-1989,0.045411632
ind,mkt,monthly,vw,na,60,na,31-05-1989,-0.156373519
ind,mkt,monthly,vw,na,60,na,30-06-1989,0.090780605
ind,mkt,monthly,vw,na,60,na,31-07-1989,-0.087991164
ind,mkt,monthly,vw,na,60,na,31-08-1989,-0.000641727
ind,mkt,monthly,vw,na,60,na,30-09-1989,0.017815396
ind,mkt,monthly,vw,na,61,na,31-10-1989,0.030401638
ind,mkt,monthly,vw,na,61,na,30-11-1989,-0.066036283
ind,mkt,monthly,vw,na,77,na,31-12-1989,0.101890765
ind,mkt,monthly,vw,na,75,na,31-01-1990,-0.090015402
ind,mkt,monthly,vw,na,74,na,28-02-1990,-0.02470295
ind,mkt,monthly,vw,na,74,na,31-03-1990,0.10005294
ind,mkt,monthly,vw,na,74,na,30-04-1990,-0.01232355
ind,mkt,monthly,vw,na,75,na,31-05-1990,0.016726513
ind,mkt,monthly,vw,na,72,na,30-06-1990,0.00953716
ind,mkt,monthly,vw,na,72,na,31-07-1990,0.258513251
ind,mkt,monthly,vw,na,75,na,31-08-1990,0.117126208
ind,mkt,monthly,vw,na,75,na,30-09-1990,0.039230154
ind,mkt,monthly,vw,na,76,na,31-10-1990,-0.095818858
ind,mkt,monthly,vw,na,78,na,30-11-1990,-0.093335933
ind,mkt,monthly,vw,na,77,na,31-12-1990,-0.120139022
ind,mkt,monthly,vw,na,77,na,31-01-1991,-0.093136716
ind,mkt,monthly,vw,na,86,na,28-02-1991,0.161334141
ind,mkt,monthly,vw,na,86,na,31-03-1991,-0.03080228
ind,mkt,monthly,vw,na,86,na,30-04-1991,-0.011763536
ind,mkt,monthly,vw,na,86,na,31-05-1991,0.004734402
ind,mkt,monthly,vw,na,86,na,30-06-1991,-0.014622786
ind,mkt,monthly,vw,na,71,na,31-07-1991,0.063312559
ind,mkt,monthly,vw,na,72,na,31-08-1991,0.053283994
ind,mkt,monthly,vw,na,79,na,30-09-1991,0.053492481
ind,mkt,monthly,vw,na,85,na,31-10-1991,-0.022405163
ind,mkt,monthly,vw,na,85,na,30-11-1991,-0.007017396
ind,mkt,monthly,vw,na,86,na,31-12-1991,0.033242622
ind,mkt,monthly,vw,na,86,na,31-01-1992,0.193486894
ind,mkt,monthly,vw,na,84,na,29-02-1992,0.218356271
ind,mkt,monthly,vw,na,83,na,31-03-1992,0.595666007
ind,mkt,monthly,vw,na,74,na,30-04-1992,-0.104391639
ind,mkt,monthly,vw,na,75,na,31-05-1992,-0.297308852
ind,mkt,monthly,vw,na,74,na,30-06-1992,0.041577897
ind,mkt,monthly,vw,na,73,na,31-07-1992,-0.110474468
ind,mkt,monthly,vw,na,73,na,31-08-1992,0.098003874
ind,mkt,monthly,vw,na,85,na,30-09-1992,0.083458725
ind,mkt,monthly,vw,na,117,na,31-10-1992,-0.112427398
ind,mkt,monthly,vw,na,127,na,30-11-1992,-0.122094409
ind,mkt,monthly,vw,na,127,na,31-12-1992,0.015052607
ind,mkt,monthly,vw,na,127,na,31-01-1993,0.017416954
ind,mkt,monthly,vw,na,130,na,28-02-1993,-0.067020377
ind,mkt,monthly,vw,na,130,na,31-03-1993,-0.15964739
ind,mkt,monthly,vw,na,132,na,30-04-1993,-0.099631061
ind,mkt,monthly,vw,na,136,na,31-05-1993,0.066281163
ind,mkt,monthly,vw,na,135,na,30-06-1993,0.010038327
ind,mkt,monthly,vw,na,127,na,31-07-1993,0.070525288
ind,mkt,monthly,vw,na,127,na,31-08-1993,0.167162125
ind,mkt,monthly,vw,na,122,na,30-09-1993,0.072086186
ind,mkt,monthly,vw,na,123,na,31-10-1993,-0.043141649
ind,mkt,monthly,vw,na,126,na,30-11-1993,0.204740093
ind,mkt,monthly,vw,na,126,na,31-12-1993,0.065130714
ind,mkt,monthly,vw,na,127,na,31-01-1994,0.206699008
ind,mkt,monthly,vw,na,131,na,28-02-1994,0.028752148
ind,mkt,monthly,vw,na,134,na,31-03-1994,-0.109216169
ind,mkt,monthly,vw,na,133,na,30-04-1994,-0.007361997
ind,mkt,monthly,vw,na,131,na,31-05-1994,0.009367275
ind,mkt,monthly,vw,na,134,na,30-06-1994,0.085537522
ind,mkt,monthly,vw,na,141,na,31-07-1994,0.006733227
ind,mkt,monthly,vw,na,150,na,31-08-1994,0.07408053
ind,mkt,monthly,vw,na,150,na,30-09-1994,-0.065533186
ind,mkt,monthly,vw,na,213,na,31-10-1994,-0.100081051
ind,mkt,monthly,vw,na,215,na,30-11-1994,-0.028434654
ind,mkt,monthly,vw,na,217,na,31-12-1994,-0.060901411
ind,mkt,monthly,vw,na,224,na,31-01-1995,-0.09951652
ind,mkt,monthly,vw,na,222,na,28-02-1995,-0.058887293
ind,mkt,monthly,vw,na,254,na,31-03-1995,-0.027253401
ind,mkt,monthly,vw,na,259,na,30-04-1995,-0.059344924
ind,mkt,monthly,vw,na,265,na,31-05-1995,0.031721863
ind,mkt,monthly,vw,na,275,na,30-06-1995,-0.048484977
ind,mkt,monthly,vw,na,277,na,31-07-1995,0.025626188
ind,mkt,monthly,vw,na,278,na,31-08-1995,-0.056744387
ind,mkt,monthly,vw,na,281,na,30-09-1995,-0.050425557
ind,mkt,monthly,vw,na,407,na,31-10-1995,-0.045003486
ind,mkt,monthly,vw,na,552,na,30-11-1995,-0.144175534
ind,mkt,monthly,vw,na,552,na,31-12-1995,0.026621837
ind,mkt,monthly,vw,na,553,na,31-01-1996,-0.094549535
ind,mkt,monthly,vw,na,569,na,29-02-1996,0.230278038
ind,mkt,monthly,vw,na,572,na,31-03-1996,0.006167097
ind,mkt,monthly,vw,na,567,na,30-04-1996,0.111471443
ind,mkt,monthly,vw,na,563,na,31-05-1996,-0.053880826
ind,mkt,monthly,vw,na,565,na,30-06-1996,0.021288941
ind,mkt,monthly,vw,na,569,na,31-07-1996,-0.100702943
ind,mkt,monthly,vw,na,590,na,31-08-1996,-0.019519239
ind,mkt,monthly,vw,na,584,na,30-09-1996,-0.116341981
ind,mkt,monthly,vw,na,578,na,31-10-1996,-0.029995618
ind,mkt,monthly,vw,na,576,na,30-11-1996,-0.089263345
ind,mkt,monthly,vw,na,575,na,31-12-1996,0.06367482
ind,mkt,monthly,vw,na,575,na,31-01-1997,0.070328991
ind,mkt,monthly,vw,na,583,na,28-02-1997,0.056568153
ind,mkt,monthly,vw,na,582,na,31-03-1997,-0.058575942
ind,mkt,monthly,vw,na,580,na,30-04-1997,0.111670831
ind,mkt,monthly,vw,na,580,na,31-05-1997,-0.01596679
ind,mkt,monthly,vw,na,580,na,30-06-1997,0.156235677
ind,mkt,monthly,vw,na,588,na,31-07-1997,0.030849398
ind,mkt,monthly,vw,na,592,na,31-08-1997,-0.11050575
ind,mkt,monthly,vw,na,590,na,30-09-1997,-0.002543538
ind,mkt,monthly,vw,na,586,na,31-10-1997,-0.034218557
ind,mkt,monthly,vw,na,584,na,30-11-1997,-0.125355438
ind,mkt,monthly,vw,na,580,na,31-12-1997,-0.015245485
ind,mkt,monthly,vw,na,579,na,31-01-1998,-0.105423421
ind,mkt,monthly,vw,na,578,na,28-02-1998,0.079242667
ind,mkt,monthly,vw,na,582,na,31-03-1998,0.058626124
ind,mkt,monthly,vw,na,587,na,30-04-1998,0.038971019
ind,mkt,monthly,vw,na,583,na,31-05-1998,-0.090509043
ind,mkt,monthly,vw,na,572,na,30-06-1998,-0.164013381
ind,mkt,monthly,vw,na,570,na,31-07-1998,-0.012545214
ind,mkt,monthly,vw,na,577,na,31-08-1998,-0.043568229
ind,mkt,monthly,vw,na,578,na,30-09-1998,0.035845884
ind,mkt,monthly,vw,na,572,na,31-10-1998,-0.074017839
ind,mkt,monthly,vw,na,576,na,30-11-1998,-0.019217697
ind,mkt,monthly,vw,na,586,na,31-12-1998,0.07731292
ind,mkt,monthly,vw,na,585,na,31-01-1999,0.05539158
ind,mkt,monthly,vw,na,586,na,28-02-1999,-0.037753938
ind,mkt,monthly,vw,na,586,na,31-03-1999,0.127759563
ind,mkt,monthly,vw,na,585,na,30-04-1999,-0.137639348
ind,mkt,monthly,vw,na,580,na,31-05-1999,0.179640739
ind,mkt,monthly,vw,na,589,na,30-06-1999,0.036057591
ind,mkt,monthly,vw,na,590,na,31-07-1999,0.113130636
ind,mkt,monthly,vw,na,597,na,31-08-1999,0.124203383
ind,mkt,monthly,vw,na,599,na,30-09-1999,0.003596663
ind,mkt,monthly,vw,na,599,na,31-10-1999,-0.046860744
ind,mkt,monthly,vw,na,593,na,30-11-1999,0.062033398
ind,mkt,monthly,vw,na,589,na,31-12-1999,0.12305964
ind,mkt,monthly,vw,na,596,na,31-01-2000,0.072890814
ind,mkt,monthly,vw,na,593,na,29-02-2000,0.099162948
ind,mkt,monthly,vw,na,592,na,31-03-2000,-0.124839124
ind,mkt,monthly,vw,na,588,na,30-04-2000,-0.185232527
ind,mkt,monthly,vw,na,586,na,31-05-2000,-0.108181802
ind,mkt,monthly,vw,na,578,na,30-06-2000,0.103213128
ind,mkt,monthly,vw,na,603,na,31-07-2000,-0.10929236
ind,mkt,monthly,vw,na,606,na,31-08-2000,0.042874016
ind,mkt,monthly,vw,na,603,na,30-09-2000,-0.090181905
ind,mkt,monthly,vw,na,578,na,31-10-2000,-0.090351822
ind,mkt,monthly,vw,na,578,na,30-11-2000,0.064648321
ind,mkt,monthly,vw,na,581,na,31-12-2000,-0.013310129
ind,mkt,monthly,vw,na,578,na,31-01-2001,0.083217016
ind,mkt,monthly,vw,na,589,na,28-02-2001,-0.030410776
ind,mkt,monthly,vw,na,595,na,31-03-2001,-0.218070873
ind,mkt,monthly,vw,na,581,na,30-04-2001,-0.014291003
ind,mkt,monthly,vw,na,581,na,31-05-2001,0.054321744
ind,mkt,monthly,vw,na,592,na,30-06-2001,-0.073904662
ind,mkt,monthly,vw,na,579,na,31-07-2001,-0.036827738
ind,mkt,monthly,vw,na,586,na,31-08-2001,-0.012758447
ind,mkt,monthly,vw,na,590,na,30-09-2001,-0.144067513
ind,mkt,monthly,vw,na,631,na,31-10-2001,0.060026917
ind,mkt,monthly,vw,na,628,na,30-11-2001,0.114302195
ind,mkt,monthly,vw,na,626,na,31-12-2001,-0.004796937
ind,mkt,monthly,vw,na,625,na,31-01-2002,0.022393931
ind,mkt,monthly,vw,na,627,na,28-02-2002,0.090379151
ind,mkt,monthly,vw,na,629,na,31-03-2002,0.028702171
ind,mkt,monthly,vw,na,634,na,30-04-2002,0.012928773
ind,mkt,monthly,vw,na,632,na,31-05-2002,-0.030577043
ind,mkt,monthly,vw,na,633,na,30-06-2002,0.046727206
ind,mkt,monthly,vw,na,643,na,31-07-2002,-0.076399223
ind,mkt,monthly,vw,na,650,na,31-08-2002,0.05152195
ind,mkt,monthly,vw,na,648,na,30-09-2002,-0.058851494
ind,mkt,monthly,vw,na,643,na,31-10-2002,-0.001298371
ind,mkt,monthly,vw,na,641,na,30-11-2002,0.07081777
ind,mkt,monthly,vw,na,643,na,31-12-2002,0.045317753
ind,mkt,monthly,vw,na,644,na,31-01-2003,-0.020409196
ind,mkt,monthly,vw,na,639,na,28-02-2003,0.018564762
ind,mkt,monthly,vw,na,635,na,31-03-2003,-0.077579557
ind,mkt,monthly,vw,na,651,na,30-04-2003,-0.000097125
ind,mkt,monthly,vw,na,652,na,31-05-2003,0.164750121
ind,mkt,monthly,vw,na,661,na,30-06-2003,0.124964513
ind,mkt,monthly,vw,na,678,na,31-07-2003,0.065492618
ind,mkt,monthly,vw,na,739,na,31-08-2003,0.183811873
ind,mkt,monthly,vw,na,737,na,30-09-2003,0.044190796
ind,mkt,monthly,vw,na,734,na,31-10-2003,0.081665247
ind,mkt,monthly,vw,na,750,na,30-11-2003,0.049213263
ind,mkt,monthly,vw,na,748,na,31-12-2003,0.19919913
ind,mkt,monthly,vw,na,757,na,31-01-2004,-0.044907043
ind,mkt,monthly,vw,na,759,na,29-02-2004,-0.006670329
ind,mkt,monthly,vw,na,761,na,31-03-2004,0.047290096
ind,mkt,monthly,vw,na,759,na,30-04-2004,0.010906397
ind,mkt,monthly,vw,na,759,na,31-05-2004,-0.200297661
ind,mkt,monthly,vw,na,757,na,30-06-2004,0.002933712
ind,mkt,monthly,vw,na,761,na,31-07-2004,0.078967382
ind,mkt,monthly,vw,na,769,na,31-08-2004,0.023588379
ind,mkt,monthly,vw,na,785,na,30-09-2004,0.085855254
ind,mkt,monthly,vw,na,783,na,31-10-2004,0.031004511
ind,mkt,monthly,vw,na,779,na,30-11-2004,0.120011008
ind,mkt,monthly,vw,na,787,na,31-12-2004,0.119934744
ind,mkt,monthly,vw,na,800,na,31-01-2005,-0.024116253
ind,mkt,monthly,vw,na,804,na,28-02-2005,0.041588052
ind,mkt,monthly,vw,na,807,na,31-03-2005,-0.037337839
ind,mkt,monthly,vw,na,811,na,30-04-2005,-0.041837468
ind,mkt,monthly,vw,na,812,na,31-05-2005,0.077570399
ind,mkt,monthly,vw,na,826,na,30-06-2005,0.04264259
ind,mkt,monthly,vw,na,835,na,31-07-2005,0.06878538
ind,mkt,monthly,vw,na,855,na,31-08-2005,0.038497563
ind,mkt,monthly,vw,na,858,na,30-09-2005,0.068226512
ind,mkt,monthly,vw,na,866,na,31-10-2005,-0.119073285
ind,mkt,monthly,vw,na,867,na,30-11-2005,0.097200652
ind,mkt,monthly,vw,na,878,na,31-12-2005,0.083155939
ind,mkt,monthly,vw,na,895,na,31-01-2006,0.066475543
ind,mkt,monthly,vw,na,905,na,28-02-2006,0.016329267
ind,mkt,monthly,vw,na,921,na,31-03-2006,0.092680307
ind,mkt,monthly,vw,na,926,na,30-04-2006,0.036999874
ind,mkt,monthly,vw,na,930,na,31-05-2006,-0.153337184
ind,mkt,monthly,vw,na,936,na,30-06-2006,-0.032996592
ind,mkt,monthly,vw,na,940,na,31-07-2006,-0.017376859
ind,mkt,monthly,vw,na,968,na,31-08-2006,0.090536993
ind,mkt,monthly,vw,na,976,na,30-09-2006,0.079700882
ind,mkt,monthly,vw,na,972,na,31-10-2006,0.063653916
ind,mkt,monthly,vw,na,984,na,30-11-2006,0.054855976
ind,mkt,monthly,vw,na,990,na,31-12-2006,0.012703668
ind,mkt,monthly,vw,na,998,na,31-01-2007,0.035126652
ind,mkt,monthly,vw,na,1023,na,28-02-2007,-0.089744985
ind,mkt,monthly,vw,na,1039,na,31-03-2007,0.027392138
ind,mkt,monthly,vw,na,1065,na,30-04-2007,0.130084732
ind,mkt,monthly,vw,na,1139,na,31-05-2007,0.070635533
ind,mkt,monthly,vw,na,1154,na,30-06-2007,0.016465993
ind,mkt,monthly,vw,na,1164,na,31-07-2007,0.053760863
ind,mkt,monthly,vw,na,1188,na,31-08-2007,-0.022842227
ind,mkt,monthly,vw,na,1219,na,30-09-2007,0.171151832
ind,mkt,monthly,vw,na,1241,na,31-10-2007,0.208324176
ind,mkt,monthly,vw,na,1421,na,30-11-2007,-0.013089176
ind,mkt,monthly,vw,na,1422,na,31-12-2007,0.111932033
ind,mkt,monthly,vw,na,1431,na,31-01-2008,-0.199970326
ind,mkt,monthly,vw,na,1471,na,29-02-2008,-0.014722052
ind,mkt,monthly,vw,na,1479,na,31-03-2008,-0.130535605
ind,mkt,monthly,vw,na,1485,na,30-04-2008,0.106930622
ind,mkt,monthly,vw,na,1497,na,31-05-2008,-0.110020882
ind,mkt,monthly,vw,na,1506,na,30-06-2008,-0.205209567
ind,mkt,monthly,vw,na,1517,na,31-07-2008,0.090491669
ind,mkt,monthly,vw,na,1527,na,31-08-2008,-0.021303986
ind,mkt,monthly,vw,na,1539,na,30-09-2008,-0.180401701
ind,mkt,monthly,vw,na,1650,na,31-10-2008,-0.323951916
ind,mkt,monthly,vw,na,1705,na,30-11-2008,-0.079568165
ind,mkt,monthly,vw,na,1727,na,31-12-2008,0.1543281
ind,mkt,monthly,vw,na,1733,na,31-01-2009,-0.053909694
ind,mkt,monthly,vw,na,1748,na,28-02-2009,-0.082000657
ind,mkt,monthly,vw,na,1769,na,31-03-2009,0.078097762
ind,mkt,monthly,vw,na,1771,na,30-04-2009,0.18007562
ind,mkt,monthly,vw,na,1771,na,31-05-2009,0.445724194
ind,mkt,monthly,vw,na,1786,na,30-06-2009,-0.040530759
ind,mkt,monthly,vw,na,1798,na,31-07-2009,0.080517091
ind,mkt,monthly,vw,na,1812,na,31-08-2009,0.005213255
ind,mkt,monthly,vw,na,1825,na,30-09-2009,0.101436231
ind,mkt,monthly,vw,na,1847,na,31-10-2009,-0.051379537
ind,mkt,monthly,vw,na,1876,na,30-11-2009,0.092479377
ind,mkt,monthly,vw,na,1890,na,31-12-2009,0.047575851
ind,mkt,monthly,vw,na,1909,na,31-01-2010,-0.027365625
ind,mkt,monthly,vw,na,1932,na,28-02-2010,-0.006654014
ind,mkt,monthly,vw,na,1940,na,31-03-2010,0.069265336
ind,mkt,monthly,vw,na,1973,na,30-04-2010,0.032628506
ind,mkt,monthly,vw,na,2001,na,31-05-2010,-0.079722579
ind,mkt,monthly,vw,na,2038,na,30-06-2010,0.047045325
ind,mkt,monthly,vw,na,2061,na,31-07-2010,0.018962614
ind,mkt,monthly,vw,na,2074,na,31-08-2010,-0.004195001
ind,mkt,monthly,vw,na,2090,na,30-09-2010,0.142331997
ind,mkt,monthly,vw,na,2104,na,31-10-2010,0.006215534
ind,mkt,monthly,vw,na,2150,na,30-11-2010,-0.083286878
ind,mkt,monthly,vw,na,2165,na,31-12-2010,0.058160065
ind,mkt,monthly,vw,na,2170,na,31-01-2011,-0.121889474
ind,mkt,monthly,vw,na,2174,na,28-02-2011,-0.026400804
ind,mkt,monthly,vw,na,2191,na,31-03-2011,0.097453921
ind,mkt,monthly,vw,na,2197,na,30-04-2011,0.015508791
ind,mkt,monthly,vw,na,2199,na,31-05-2011,-0.047918936
ind,mkt,monthly,vw,na,2408,na,30-06-2011,0.013659885
ind,mkt,monthly,vw,na,2415,na,31-07-2011,-0.002052293
ind,mkt,monthly,vw,na,2428,na,31-08-2011,-0.122943299
ind,mkt,monthly,vw,na,2430,na,30-09-2011,-0.078284855
ind,mkt,monthly,vw,na,2448,na,31-10-2011,0.054101524
ind,mkt,monthly,vw,na,2525,na,30-11-2011,-0.151336134
ind,mkt,monthly,vw,na,2522,na,31-12-2011,-0.072108054
ind,mkt,monthly,vw,na,2523,na,31-01-2012,0.2173167
ind,mkt,monthly,vw,na,2537,na,29-02-2012,0.057892382
ind,mkt,monthly,vw,na,2573,na,31-03-2012,-0.057113921
ind,mkt,monthly,vw,na,2680,na,30-04-2012,-0.039410744
ind,mkt,monthly,vw,na,2795,na,31-05-2012,-0.116898027
ind,mkt,monthly,vw,na,2821,na,30-06-2012,0.069351735
ind,mkt,monthly,vw,na,2969,na,31-07-2012,-0.009976625
ind,mkt,monthly,vw,na,3092,na,31-08-2012,0.001197246
ind,mkt,monthly,vw,na,3104,na,30-09-2012,0.135852127
ind,mkt,monthly,vw,na,3108,na,31-10-2012,-0.031362316
ind,mkt,monthly,vw,na,3099,na,30-11-2012,0.03245891
ind,mkt,monthly,vw,na,3119,na,31-12-2012,0.006531241
ind,mkt,monthly,vw,na,3149,na,31-01-2013,0.045160952
ind,mkt,monthly,vw,na,3179,na,28-02-2013,-0.088804805
ind,mkt,monthly,vw,na,3171,na,31-03-2013,-0.020987458
ind,mkt,monthly,vw,na,3098,na,30-04-2013,0.0512692
ind,mkt,monthly,vw,na,3016,na,31-05-2013,-0.041960122
ind,mkt,monthly,vw,na,2991,na,30-06-2013,-0.086669479
ind,mkt,monthly,vw,na,3005,na,31-07-2013,-0.039715358
ind,mkt,monthly,vw,na,3073,na,31-08-2013,-0.113527826
ind,mkt,monthly,vw,na,3075,na,30-09-2013,0.106228879
ind,mkt,monthly,vw,na,3125,na,31-10-2013,0.098992863
ind,mkt,monthly,vw,na,3168,na,30-11-2013,-0.02070908
ind,mkt,monthly,vw,na,3265,na,31-12-2013,0.044206793
ind,mkt,monthly,vw,na,3308,na,31-01-2014,-0.050970429
ind,mkt,monthly,vw,na,3348,na,28-02-2014,0.036056763
ind,mkt,monthly,vw,na,3386,na,31-03-2014,0.112338041
ind,mkt,monthly,vw,na,3422,na,30-04-2014,0.003498461
ind,mkt,monthly,vw,na,3435,na,31-05-2014,0.144659616
ind,mkt,monthly,vw,na,3483,na,30-06-2014,0.057300414
ind,mkt,monthly,vw,na,3502,na,31-07-2014,-0.012620612
ind,mkt,monthly,vw,na,3483,na,31-08-2014,0.032055203
ind,mkt,monthly,vw,na,3511,na,30-09-2014,-0.007179605
ind,mkt,monthly,vw,na,3512,na,31-10-2014,0.040677895
ind,mkt,monthly,vw,na,3525,na,30-11-2014,0.0144796
ind,mkt,monthly,vw,na,3549,na,31-12-2014,-0.030693232
ind,mkt,monthly,vw,na,3538,na,31-01-2015,0.071140977
ind,mkt,monthly,vw,na,3505,na,28-02-2015,0.013047929
ind,mkt,monthly,vw,na,3489,na,31-03-2015,-0.037557539
ind,mkt,monthly,vw,na,3440,na,30-04-2015,-0.044053104
ind,mkt,monthly,vw,na,3408,na,31-05-2015,0.031677332
ind,mkt,monthly,vw,na,3403,na,30-06-2015,-0.008107588
ind,mkt,monthly,vw,na,3445,na,31-07-2015,0.026781428
ind,mkt,monthly,vw,na,3502,na,31-08-2015,-0.095949974
ind,mkt,monthly,vw,na,3379,na,30-09-2015,0.008574116
ind,mkt,monthly,vw,na,3388,na,31-10-2015,0.021670229
ind,mkt,monthly,vw,na,3379,na,30-11-2015,-0.023015152
ind,mkt,monthly,vw,na,3362,na,31-12-2015,0.019566308
ind,mkt,monthly,vw,na,3399,na,31-01-2016,-0.085026241
ind,mkt,monthly,vw,na,3352,na,29-02-2016,-0.09087443
ind,mkt,monthly,vw,na,3343,na,31-03-2016,0.143932955
ind,mkt,monthly,vw,na,3309,na,30-04-2016,0.022763868
ind,mkt,monthly,vw,na,3310,na,31-05-2016,0.007486029
ind,mkt,monthly,vw,na,3368,na,30-06-2016,0.033913769
ind,mkt,monthly,vw,na,3378,na,31-07-2016,0.062379828
ind,mkt,monthly,vw,na,3420,na,31-08-2016,0.01987526
ind,mkt,monthly,vw,na,3445,na,30-09-2016,-0.002067723
ind,mkt,monthly,vw,na,3469,na,31-10-2016,0.022194221
ind,mkt,monthly,vw,na,3453,na,30-11-2016,-0.07416223
ind,mkt,monthly,vw,na,3414,na,31-12-2016,-0.007441623
ind,mkt,monthly,vw,na,3446,na,31-01-2017,0.059609219
ind,mkt,monthly,vw,na,3485,na,28-02-2017,0.064038728
ind,mkt,monthly,vw,na,3496,na,31-03-2017,0.066263714
ind,mkt,monthly,vw,na,3496,na,30-04-2017,0.039477275
ind,mkt,monthly,vw,na,3473,na,31-05-2017,0.001167156
ind,mkt,monthly,vw,na,3402,na,30-06-2017,-0.001544372
ind,mkt,monthly,vw,na,3364,na,31-07-2017,0.062360464
ind,mkt,monthly,vw,na,3352,na,31-08-2017,-0.001717674
ind,mkt,monthly,vw,na,3284,na,30-09-2017,-0.030106038
ind,mkt,monthly,vw,na,3280,na,31-10-2017,0.085368036
ind,mkt,monthly,vw,na,3401,na,30-11-2017,0.006260674
ind,mkt,monthly,vw,na,3415,na,31-12-2017,0.049769076
ind,mkt,monthly,vw,na,3445,na,31-01-2018,0.011295915
ind,mkt,monthly,vw,na,3502,na,28-02-2018,-0.062380679
ind,mkt,monthly,vw,na,3460,na,31-03-2018,-0.041973954
ind,mkt,monthly,vw,na,3448,na,30-04-2018,0.045942639
ind,mkt,monthly,vw,na,3471,na,31-05-2018,-0.040569352
ind,mkt,monthly,vw,na,3464,na,30-06-2018,-0.042250126
ind,mkt,monthly,vw,na,3330,na,31-07-2018,0.052389285
ind,mkt,monthly,vw,na,3374,na,31-08-2018,0.003034014
ind,mkt,monthly,vw,na,3380,na,30-09-2018,-0.114806056
ind,mkt,monthly,vw,na,3491,na,31-10-2018,-0.061420749
ind,mkt,monthly,vw,na,3505,na,30-11-2018,0.094949731
ind,mkt,monthly,vw,na,3468,na,31-12-2018,0.01066837
ind,mkt,monthly,vw,na,3500,na,31-01-2019,-0.047513859
ind,mkt,monthly,vw,na,3494,na,28-02-2019,-0.003612672
ind,mkt,monthly,vw,na,3518,na,31-03-2019,0.096319664
ind,mkt,monthly,vw,na,3528,na,30-04-2019,-0.005695436
ind,mkt,monthly,vw,na,3491,na,31-05-2019,0.009533472
ind,mkt,monthly,vw,na,3472,na,30-06-2019,-0.007681942
ind,mkt,monthly,vw,na,3435,na,31-07-2019,-0.068010568
ind,mkt,monthly,vw,na,3434,na,31-08-2019,-0.041900611
ind,mkt,monthly,vw,na,3422,na,30-09-2019,0.054437276
ind,mkt,monthly,vw,na,3495,na,31-10-2019,0.038937292
ind,mkt,monthly,vw,na,3540,na,30-11-2019,-0.008643609
ind,mkt,monthly,vw,na,3569,na,31-12-2019,0.009106657
ind,mkt,monthly,vw,na,3535,na,31-01-2020,-0.002724328
ind,mkt,monthly,vw,na,3477,na,29-02-2020,-0.075047244
ind,mkt,monthly,vw,na,3407,na,31-03-2020,-0.257740235
ind,mkt,monthly,vw,na,3281,na,30-04-2020,0.140411217
ind,mkt,monthly,vw,na,3267,na,31-05-2020,-0.022691095
ind,mkt,monthly,vw,na,3331,na,30-06-2020,0.096186201
ind,mkt,monthly,vw,na,3508,na,31-07-2020,0.068521305
ind,mkt,monthly,vw,na,3563,na,31-08-2020,0.060160423
ind,mkt,monthly,vw,na,3562,na,30-09-2020,0.001737401
ind,mkt,monthly,vw,na,3544,na,31-10-2020,0.003317698
ind,mkt,monthly,vw,na,3533,na,30-11-2020,0.114168434
ind,mkt,monthly,vw,na,3583,na,31-12-2020,0.092646032
ind,mkt,monthly,vw,na,3670,na,31-01-2021,-0.01039726
ind,mkt,monthly,vw,na,3678,na,28-02-2021,0.063018372
ind,mkt,monthly,vw,na,3708,na,31-03-2021,0.028424585
ind,mkt,monthly,vw,na,3725,na,30-04-2021,0.00019144
ind,mkt,monthly,vw,na,3719,na,31-05-2021,0.099143972
ind,mkt,monthly,vw,na,3798,na,30-06-2021,0.004649424
ind,mkt,monthly,vw,na,3824,na,31-07-2021,0.019423425
ind,mkt,monthly,vw,na,3817,na,31-08-2021,0.078492297
ind,mkt,monthly,vw,na,3803,na,30-09-2021,0.02284951
ind,mkt,monthly,vw,na,3834,na,31-10-2021,-0.013169488
ind,mkt,monthly,vw,na,3841,na,30-11-2021,-0.020922584
ind,mkt,monthly,vw,na,3862,na,31-12-2021,0.035700535
ind,mkt,monthly,vw,na,3893,na,31-01-2022,-0.008511138
ind,mkt,monthly,vw,na,3896,na,28-02-2022,-0.056793075
ind,mkt,monthly,vw,na,3886,na,31-03-2022,0.038519578
ind,mkt,monthly,vw,na,3905,na,30-04-2022,0.003298656
ind,mkt,monthly,vw,na,3892,na,31-05-2022,-0.069027674
ind,mkt,monthly,vw,na,3893,na,30-06-2022,-0.070670983
ind,mkt,monthly,vw,na,3890,na,31-07-2022,0.090265386
ind,mkt,monthly,vw,na,3930,na,31-08-2022,0.047023095
ind,mkt,monthly,vw,na,3964,na,30-09-2022,-0.05307857
ind,mkt,monthly,vw,na,3980,na,31-10-2022,0.008989468
ind,mkt,monthly,vw,na,3995,na,30-11-2022,0.047214676
ind,mkt,monthly,vw,na,4014,na,31-12-2022,-0.043609087
ind,mkt,monthly,vw,na,4048,na,31-01-2023,-0.033055233
ind,mkt,monthly,vw,na,4040,na,28-02-2023,-0.058374909
ind,mkt,monthly,vw,na,4049,na,31-03-2023,0.005705161
ind,mkt,monthly,vw,na,4060,na,30-04-2023,0.053662408
ind,mkt,monthly,vw,na,4084,na,31-05-2023,0.026760239
ind,mkt,monthly,vw,na,4105,na,30-06-2023,0.051004921
ind,mkt,monthly,vw,na,4120,na,31-07-2023,0.033782104
ind,mkt,monthly,vw,na,4152,na,31-08-2023,-0.005820778
ind,mkt,monthly,vw,na,4189,na,30-09-2023,0.019865216
ind,mkt,monthly,vw,na,4228,na,31-10-2023,-0.031888332
ind,mkt,monthly,vw,na,4253,na,30-11-2023,0.068829461
ind,mkt,monthly,vw,na,4282,na,31-12-2023,0.080306896
ind,mkt,monthly,vw,na,4326,na,31-01-2024,0.040585787
ind,mkt,monthly,vw,na,4332,na,29-02-2024,0.019165988
ind,mkt,monthly,vw,na,4354,na,31-03-2024,-0.013030395
